title,company,location,link
39878,Zachary Piper Solutions LLC,Remote,https://www.indeed.com/viewjob?jk=9dfd34b97abe766a
Quantitative Analyst,Farm Credit Services of America,"Omaha, NE",https://www.indeed.com/viewjob?jk=20683ffcce67497b
Python Programmer - Remote / Work from Home,Tithe.ly,United States,https://www.indeed.com/viewjob?jk=0f5af04ef7e47c2b
"Teachers for English reading, writing, Negotiation Skills, Python etc",Chicago North Shore Chinese Center,Remote,https://www.indeed.com/viewjob?jk=0a9542edd64e8b79
Python Developer with 4G/LTE/5G(100% Remote),keywordsolutions,Remote,https://www.indeed.com/viewjob?jk=af94e04106f5694a
Intelligence Analyst,Inter-Con Security Systems,Remote,https://www.indeed.com/viewjob?jk=ff15c1f66e0f49bb
(100% REMOTE) ETL Big Data Developer/Python,Kairos Technologies,Remote,https://www.indeed.com/viewjob?jk=e570a02a0d5b203b
Customer Support Representative,CodeCombat,Remote,https://www.indeed.com/viewjob?jk=1534083f45439429
Python/Django Developer,Firstech LLC,"Kent, WA",https://www.indeed.com/viewjob?jk=f921706ee5188faa
Statistical Associate,Spreetail,"Omaha, NE",https://www.indeed.com/viewjob?jk=9ec6baaf44f08377
Research Scientist Intern,LOCKHEED MARTIN CORPORATION,"Louisville, CO",https://www.indeed.com/viewjob?jk=7a5a8fab20319820
Python Developer,Crunch,"Kansas City, MO",https://www.indeed.com/viewjob?jk=00fc709627751a59
Data Scientist (REMOTE),Neal Analytics,"Redmond, WA",https://www.indeed.com/viewjob?jk=82b23b23efa2e6dd
Part Time Python / Django Developer,The Glue,Remote,https://www.indeed.com/viewjob?jk=887ca5cf3b9ba8c0
Biostatistician Intern (Remote),23andMe,California,https://www.indeed.com/viewjob?jk=f2e191439e7d9cf9
Atmospheric Scientist I,"Science System and Applications, Inc.","Omaha, NE",https://www.indeed.com/viewjob?jk=0cc3a074c4b51d23
Python Developer - Pyspark,Vision,"Plano, TX",https://www.indeed.com/viewjob?jk=f60f9a8317121feb
Data Analyst Intern (Summer 2021),Panasonic Corporation of North America,"Denver, CO",https://www.indeed.com/viewjob?jk=882450bf3eb30b50
Python ETL Developer,Athene,"West Des Moines, IA",https://www.indeed.com/viewjob?jk=41c89d3eada811f6
Data Scientist - Entry Level,Numerdox,"Sacramento, CA",https://www.indeed.com/viewjob?jk=3dde0133818987f0
Instructional Designer,CodeWizardsHQ,"Omaha, NE",https://www.indeed.com/viewjob?jk=64ad5ec653dc4804
Engineering Intern - Gaming,Virtual Athletics League,"Salt Lake City, UT",https://www.indeed.com/viewjob?jk=7700a4d45d5c3fec
Python/Django Developer,Emory Technologies Inc - Hiring for Client,Remote,https://www.indeed.com/viewjob?jk=e169a07d77052dd9
Data Linguist-II,Amazon.com Services LLC,"Cambridge, MA",https://www.indeed.com/viewjob?jk=e157579bf793116a
Data Analyst Intern,PayPal,"Omaha, NE",https://www.indeed.com/viewjob?jk=32a6ca0100d10ed7
Python Developer,Apexa Corp,Remote,https://www.indeed.com/viewjob?jk=76e0b2b6d0c888b9
Final Assembly ME,John Deere,"Ankeny, IA",https://www.indeed.com/viewjob?jk=4f953bb6549ddf4d
Python & Django,Launch Potato,Florida,https://www.indeed.com/viewjob?jk=eed0b5a7daa1ac2d
Python Developer,Advithri Technologies,"Franklin, NY",https://www.indeed.com/viewjob?jk=e21708d394002449
Jr. Trading & Operations Associate,Artemis Capital Management,"Austin, TX",https://www.indeed.com/viewjob?jk=96db76e8b3339f03
Python Developer,Softnice Inc,"Florence, SC",https://www.indeed.com/viewjob?jk=15278400ea78e686
Python Developer Intern,OXO Solutions,"Ruby, SC",https://www.indeed.com/viewjob?jk=84a541c104b5b24c
Crew Strategy & Intelligence Intern,American Airlines,"Fort Worth, TX",https://www.indeed.com/viewjob?jk=a0ba201d9153b287
Python Developer,TensorIoT Inc,Remote,https://www.indeed.com/viewjob?jk=2a9f28c91fd360b5
Entry Level Python Developer,Core Soft Tech,"Santa Clara, CA",https://www.indeed.com/viewjob?jk=a83d8b070bae6cd6
Autopilot - Deep Learning Internship (Summer 2021),Tesla,"Palo Alto, CA",https://www.indeed.com/viewjob?jk=e8ca5651c773947b
Analytics Internship IT (Summer 2021),Conagra Brands,"Omaha, NE",https://www.indeed.com/viewjob?jk=b5f1cffbd57d99ab
Associate/Senior Associate Marketing Analytics & Reporting,Mutual of Omaha,"Omaha, NE",https://www.indeed.com/viewjob?jk=f87043259bad2b3c
PYTHON DEVELOPER,OC10,"Charlotte, NC",https://www.indeed.com/viewjob?jk=f26b8209c93fdd28
Python Developer,Atlantis IT Consulting Group LLC,"Indianapolis, IN",https://www.indeed.com/viewjob?jk=fd246d2d0ebdcb4d
Python Developer,DataLab USA,"Germantown, MD",https://www.indeed.com/viewjob?jk=094131052c6931a3
Service Support Technician,Boys Town,"Omaha, NE",https://www.indeed.com/viewjob?jk=99247fdf6d119e56
Technology Internship Program,Engineers Gate,Remote,https://www.indeed.com/viewjob?jk=debdd740b190e94e
Python Developer (AI),Kordspace,"Denver, CO",https://www.indeed.com/viewjob?jk=e93e6a9ea4b63929
Support Opportunities,RStudio,"Seattle, WA",https://www.indeed.com/viewjob?jk=2c26339484d5141f
Python Programmer,Inter Sources Inc,"Alpharetta, GA",https://www.indeed.com/viewjob?jk=4ee1cb13d8d028dc
Python Developer,Emonics LLC,"Jersey City, NJ",https://www.indeed.com/viewjob?jk=a6c49eeb41a689d5
"Launch Internship, Summer 2021 - Location Flexible",Dropbox,California,https://www.indeed.com/viewjob?jk=c95324f57292851a
Director,Iowa Democratic Party,"Des Moines, IA",https://www.indeed.com/viewjob?jk=a59f15686772e3f4
Content Analytics Intern Summer 2021,Employment Opportunities at BuzzFeed,"Los Angeles, CA",https://www.indeed.com/viewjob?jk=349104e0d6f80772
Director,Iowa Democratic Party,"Des Moines, IA",https://www.indeed.com/viewjob?jk=a59f15686772e3f4
Content Analytics Intern Summer 2021,Employment Opportunities at BuzzFeed,"Los Angeles, CA",https://www.indeed.com/viewjob?jk=349104e0d6f80772
Quality Assurance Engineer,"RightHook, Inc.",Remote,https://www.indeed.com/viewjob?jk=1ca4ed97794c3560
MATCHMOVERS,Gradient Effects,"Los Angeles, CA",https://www.indeed.com/viewjob?jk=f4f6c6a51596e7e9
Senior Python Developer,Extreme Engineering Solutions,"Verona, WI",https://www.indeed.com/viewjob?jk=5827510d4af5ade0
Expedition Week Workshop Host,Griffin Technology Academies,Remote,https://www.indeed.com/viewjob?jk=8c6c1bab8ae9c1d7
R&D Scientist Intern - Risk Prediction Modeling (Remote),23andMe,California,https://www.indeed.com/viewjob?jk=bbed3974ec93f8f5
Python Developer,World.com,"New York, NY",https://www.indeed.com/viewjob?jk=687f240976ebd580
Marketing Data Scientist,Physicians Mutual,"Omaha, NE",https://www.indeed.com/viewjob?jk=9aa34d0b62a4f3a3
Software Engineer - Python RPA,Post Acute Analytics,"Lewisville, TX",https://www.indeed.com/viewjob?jk=9bbac57aed240677
Data Analyst (Entry Level),BTP,"Weston, FL",https://www.indeed.com/viewjob?jk=6ed39072a9b33e0f
Python Developer,HiPaaS Inc,"Pleasanton, CA",https://www.indeed.com/viewjob?jk=ffce22e9996165c4
Summer Intern - Project 2 - Environmental Health and School Achievement for California’s Children,Public Policy Institute of California,"San Francisco, CA",https://www.indeed.com/viewjob?jk=b3a45ed0baf7655d
Computational Biologist,Teiko.bio,Remote,https://www.indeed.com/viewjob?jk=f46c86dd80dc5d90
ETL Developer with Python - Need GC or CZ only,Simplex Info,Remote,https://www.indeed.com/viewjob?jk=f9474a50a3622732
Machine Learning Intern,Tech For Good Inc,"Boston, MA",https://www.indeed.com/viewjob?jk=e72d95634a1d3141
Data Science Intern,Galvanize Inc.,"Denver, CO",https://www.indeed.com/viewjob?jk=fe26af4ea021d460
"Python / Splunk Developer (Brampton,Canada)",CBL SOLUTIONS INC,"Brampton, ND",https://www.indeed.com/viewjob?jk=c4544cb83873e27c
Web Technologies Instructor,"AIM Institute, Inc.","Omaha, NE",https://www.indeed.com/viewjob?jk=b9be91acd7a9c5b5
Python Developer,"Infinity Consulting Solutions, Inc.","Columbus, OH",https://www.indeed.com/viewjob?jk=e40e58dd017cdbff
Tutoring for C/C++,Kadama,"New York, NY",https://www.indeed.com/viewjob?jk=248248b737749b48
Regional Portfolio Analyst,Vacasa,Oregon,https://www.indeed.com/viewjob?jk=943a566d79a9086d
Python Developer Intern,DevCool Inc.,Remote,https://www.indeed.com/viewjob?jk=a8958feb8c59aff7
"Grapher, Activity Specialist","Amplify Education, Inc.",United States,https://www.indeed.com/viewjob?jk=93c390b422001e1b
Mid-Level Python Developer,HEXACT,Remote,https://www.indeed.com/viewjob?jk=b38c72a0024ad418
Data Science Intern,Valmont Industries,"Omaha, NE",https://www.indeed.com/viewjob?jk=33bb68840521ddb2
Python Developer,RedZone Software,"Boulder, CO",https://www.indeed.com/viewjob?jk=48ec6f358a3872a7
Python Chatbot Developer - 100% Remote,eTek IT Service | Savvysol,Remote,https://www.indeed.com/viewjob?jk=f9c4027d54828c68
Java/Python Support Engineer,ibrain Technologies Inc,"Phoenix, AZ",https://www.indeed.com/viewjob?jk=702cf9565e474ea5
Python Django Developer,Koinonia Family Services,Remote,https://www.indeed.com/viewjob?jk=ca38db9875117f09
Summer 2021 - Software Engineering Intern,Workiva,"Ames, IA",https://www.indeed.com/viewjob?jk=362eff969c7ff22d
"Technical Support Engineer (IBM CCOE) - Opportunity for Working Remotely , IA",VMware GSS,Iowa,https://www.indeed.com/viewjob?jk=89c929fa26e04fe2
Entry Level Software Development (OPT/STEM) @ Texas,Neo Prism Solutions,"Dallas, TX",https://www.indeed.com/viewjob?jk=38798152e9152fa5
Clinical Genomic Scientist,Baylor Genetics,"Houston, TX",https://www.indeed.com/viewjob?jk=c928b147776f464d
Robotics Intern/Trainee (PhD) - 2021,PickNik Robotics,Colorado,https://www.indeed.com/viewjob?jk=434c91cc802efea2
Python Developer With Odoo ERP Experience.,IT Perfectionists,Remote,https://www.indeed.com/viewjob?jk=8d6ef371fc1afa2e
Data Analytics Internship (Summer 2021),Principal Financial Group,"Des Moines, IA",https://www.indeed.com/viewjob?jk=23ff894a10bc9b2a
Python Developer,Apptrics LLC,"Irving, TX",https://www.indeed.com/viewjob?jk=1fd75dfad7f42e62
Regional Portfolio Analyst,Vacasa,Idaho,https://www.indeed.com/viewjob?jk=0f263e8760dc150e
Analytics Intern,Chubb,United States,https://www.indeed.com/viewjob?jk=31192e54adfa22f4
Summer Internship - Propulsion Systems Flight Test Engineering,LOCKHEED MARTIN CORPORATION,"Jupiter, FL",https://www.indeed.com/viewjob?jk=d9c152d1ce75b4f1
Python Developer Intern for Data Startup,developerDB,"Sunnyvale, CA",https://www.indeed.com/viewjob?jk=51cf5c04f43b0e9c
Entry Level Cognitive Developer: 2021,IBM,United States,https://www.indeed.com/viewjob?jk=44e6fd590062830f
"Physicist Intern, Physical Modeling",Facebook,Remote,https://www.indeed.com/viewjob?jk=d441476fa882ab95
"FULLY REMOTE Python Backend Developer ""Protected Veteran"" Big Plus",Sean E. Merryman Placements,Remote,https://www.indeed.com/viewjob?jk=776dd9943a1b5297
Research Scientist (remote),DreamBox Learning,"Bellevue, WA",https://www.indeed.com/viewjob?jk=a9d707690a1f362c
Software Engineer Intern,PayPal,"Omaha, NE",https://www.indeed.com/viewjob?jk=2f3de9bc7a9eae76
Python Programmer,HiredVirtual,"Lago Vista, TX",https://www.indeed.com/viewjob?jk=a99b41ebaa37d2de
Data Analyst with Python Programming,Solytics Partners LLC,Remote,https://www.indeed.com/viewjob?jk=427c53530ba537f6
PYTHON DEVELOPER,Pythonwise,"Seattle, WA",https://www.indeed.com/viewjob?jk=1a20a1c56fb7df73
Entry Level Business Analyst (2+Years Exp),Agama Solutions,Arizona,https://www.indeed.com/viewjob?jk=e6e644c9c83e253c
Data Scientist - 3-5 yrs professional experience,Meyocks,"West Des Moines, IA",https://www.indeed.com/viewjob?jk=99f0954b3f3a2a1a
Entry Level Back End Developer: 2021,IBM,United States,https://www.indeed.com/viewjob?jk=4757a8891a7150f6
Penetration Testing Trainee (Remote USA),BreachLock,"Florida, NY",https://www.indeed.com/viewjob?jk=487b30db63184515
KGS Geohydrology Internship Program,University of Kansas,"University of Kansas, KS",https://www.indeed.com/viewjob?jk=850472585b24edb8
Sr. Python Developer,Aptino Inc,"San Ramon, CA",https://www.indeed.com/viewjob?jk=fb813c3970f5b693
Database Management,"JPMorgan Chase Bank, N.A.","Plano, TX",https://www.indeed.com/viewjob?jk=f63f92f5958315e1
Product Owner Job Ref #858889,PK,"Omaha, NE",https://www.indeed.com/viewjob?jk=a80931f8ce7a0e4d
Python Developer Intern,OneTrust,"Atlanta, GA",https://www.indeed.com/viewjob?jk=674e3ca04e2b664e
Java/Python SDET - FULL REMOTE,Nidish LLC,Remote,https://www.indeed.com/viewjob?jk=33a4d6d39198cb1e
Intern - Regenerative Medicine,United Therapeutics,"Research Triangle Park, NC",https://www.indeed.com/viewjob?jk=cdb6ac37a473ee9e
2021 5G Communication Systems Research Intern,聯發科技,"San Diego, CA",https://www.indeed.com/viewjob?jk=73b999b5a7d7a419
Associate Security Consultant - Entry Level 2021,"FireEye, Inc.","Denver, CO",https://www.indeed.com/viewjob?jk=9c6d23c376480919
Operations Coordinator,Custom by Sock Club,"Austin, TX",https://www.indeed.com/viewjob?jk=aef39e1dde9c719d
QML/Python UI Development Engineer (QML),UNIDIA LLC,"Raleigh, NC",https://www.indeed.com/viewjob?jk=eecbb395cd216f9d
Online Marketing Manager (Open to Remote),Indeed,"San Francisco, CA",https://www.indeed.com/viewjob?jk=2569367f74d8ce5d
Junior Hybrid Trader Intern at Bellevue Capital - Summer 2021,Belvedere Trading,"Boulder, CO",https://www.indeed.com/viewjob?jk=34038e2bcca8d8f9
Spring Internship Program – Business Analyst Interns,Bigge Crane and Rigging Co.,"College Station, TX",https://www.indeed.com/viewjob?jk=6a3b968782513d57
"Intern, Player Development",The Seattle Mariners Baseball Club,"Seattle, WA",https://www.indeed.com/viewjob?jk=b50eaf0792c51d63
Python Backend Engineer (Remote),EveryoneSocial,Texas,https://www.indeed.com/viewjob?jk=69e0ba3c06fd6ce7
Research Assistant,Woods Hole Oceanographic Institution,"Woods Hole, MA",https://www.indeed.com/viewjob?jk=ee9af9daf2f3db5f
Geographer,World Bank Group,"Washington, DC",https://www.indeed.com/viewjob?jk=231e3032523d1763
Senior Python Developer,Kani Solutions Inc.,"Austin, TX",https://www.indeed.com/viewjob?jk=1036a32192f8ce7f
Stress Analyst,Boom Supersonic,"Centennial, CO",https://www.indeed.com/viewjob?jk=9d46cf00cf6e7dae
Senior Research Scientist,Pearson,"Lincoln, NE",https://www.indeed.com/viewjob?jk=5ea34ab2e7eab57c
Economist,State of North Carolina,"Wake County, NC",https://www.indeed.com/viewjob?jk=6360eb19307bb512
Data Science Intern (Remote),23andMe,California,https://www.indeed.com/viewjob?jk=3120de68762b2de1
Business Analyst \ Python-SQL Developer - Telecommute U.S.,UnitedHealth Group,"Eden Prairie, MN",https://www.indeed.com/viewjob?jk=92b3d6e07c476474
Python Developer,Swan Software Solutions,"Carmel, IN",https://www.indeed.com/viewjob?jk=32eaa9e1e80e8c5d
User Care Specialist,Anaconda,Texas,https://www.indeed.com/viewjob?jk=9f865d145579539c
Data Scientist,ForMotiv,Remote,https://www.indeed.com/viewjob?jk=3a073505d66e400f
Entry level Data Analyst with Immigration Support,KGS Technology Group Inc,"Philadelphia, PA",https://www.indeed.com/viewjob?jk=db451251191d357c
"Data Scientist - Job Seeker, Invitation Quality",Indeed,"Austin, TX",https://www.indeed.com/viewjob?jk=828cbd058e7aeae9
Software Development Engineer Apprentice,Amazon.com Services LLC,California,https://www.indeed.com/viewjob?jk=d12335c848feb0f5
Python Developer,Cystems Logic Inc.,"Mountain View, CA",https://www.indeed.com/viewjob?jk=c2613fe16582ed85
Economist,RSM US LLP,"McLean, VA",https://www.indeed.com/viewjob?jk=6cf3d06b97e35b7e
Early career data scientist / analyst / statistical geneticist,Data Tecnica,"Glen Echo, MD",https://www.indeed.com/viewjob?jk=b6506065408f4f15
Research and Development Intern,Tampa Bay Rays,"Saint Petersburg, FL",https://www.indeed.com/viewjob?jk=e7cdbae3a3e4ae63
Python Full Stack Developer,"The Hagan-Ricci Group, Inc.","New York, NY",https://www.indeed.com/viewjob?jk=80d6d17986c28f29
Product Growth Analyst,Sendwave,"New York, NY",https://www.indeed.com/viewjob?jk=c594947d0b14f9b6
Jr Python Developer,Digital Dhara,"San Jose, CA",https://www.indeed.com/viewjob?jk=eca484d5fe467fca
Python Developer Intern,HiPaaS Inc,"Pleasanton, CA",https://www.indeed.com/viewjob?jk=59edd249cc48d434
DeviceDriverDeveloper,Celandyne Software Solutions,"Santa Clara, CA",https://www.indeed.com/viewjob?jk=dc4167b0434a8ff6
Python Developer (Backend),Damco Soft INC,"Mechanicsburg, PA",https://www.indeed.com/viewjob?jk=45a0ac0a0d7a8b57
AZUREPlatformArchitect,FLAZE LLC,Remote,https://www.indeed.com/viewjob?jk=89ab2eaa6f96cb86
Psychometrician,"Amplify Education, Inc.",United States,https://www.indeed.com/viewjob?jk=5bd393385d78fa2a
Software Engineer - Python,Nidish LLC,Remote,https://www.indeed.com/viewjob?jk=6857bf4d025cb4dd
Data Scientist,John Deere,Iowa,https://www.indeed.com/viewjob?jk=fdc38a4328aad6a7
Python Developer,Clerysys Inc,Remote,https://www.indeed.com/viewjob?jk=697ad2944526a81e
Automation Associate - Python Programmer,S&P Global,"Centennial, CO",https://www.indeed.com/viewjob?jk=1165358642b92452
Sr. Python Data Engineer,CLS Bank International,"Washington, DC",https://www.indeed.com/viewjob?jk=46c5372e6cc34fa0
Python Developer Trainee,Cndro,"Houston, TX",https://www.indeed.com/viewjob?jk=0cf2026f52be6bc9
Entry Level Python Test Engineer,HCL America Inc,"Sacramento, CA",https://www.indeed.com/viewjob?jk=ced77297128f90b3
"Data Scientist, Analytics, Intern",Facebook,Remote,https://www.indeed.com/viewjob?jk=68b927adab4b34ff
Data Scientist (all levels),Cascade Data Labs,"Portland, OR",https://www.indeed.com/viewjob?jk=8a0f22de0e203dea
"Virtual Technology Security Internships, Summer 2021",HBO,"Atlanta, GA",https://www.indeed.com/viewjob?jk=f0307d7ac988b2bf
Python Developer,OmniVector Solutions,"San Jose, CA",https://www.indeed.com/viewjob?jk=e72cd7de2484342c
Decision Scientist,NakedWines.com,"Denver, CO",https://www.indeed.com/viewjob?jk=646e56334dd4aad1
Online Marketing Manager (Open to Remote),Indeed,"San Francisco, CA",https://www.indeed.com/viewjob?jk=2569367f74d8ce5d
Python Developer (w2 only),Infolob,Remote,https://www.indeed.com/viewjob?jk=1b7ee070894bf1fb
"Enterprise Engineer, Intern",Facebook,Remote,https://www.indeed.com/viewjob?jk=0e03b73d890a01e9
Computer Instructor,Nicomp International,"Lincoln, NE",https://www.indeed.com/viewjob?jk=6a918300f573cdf5
Marketing Analytics Manager - Omaha,BigIron Auction Company,"Omaha, NE",https://www.indeed.com/viewjob?jk=ae1127d014902423
Technical Sourcer (REMOTE),Neal Analytics,"Redmond, WA",https://www.indeed.com/viewjob?jk=c7664eecbdb46951
Surface Development Engineer,GENTEX OPTICS INC,"Dudley, MA",https://www.indeed.com/viewjob?jk=d51967607d41fd7d
Senior Python Developer,"InMotion Software, LLC","Austin, TX",https://www.indeed.com/viewjob?jk=614bc4b47f6107f4
Quantitative Trader - Entry Level,Avatar Securities,"Chicago, IL",https://www.indeed.com/viewjob?jk=d01efa8dad29efdc
Sr. Mechanics R and D Associate,Bryant Staffing Solutions,"Hartsville, SC",https://www.indeed.com/viewjob?jk=bbb4c0f1280f5433
Veteran's Admission Advisor,Coding Dojo,"Bellevue, WA",https://www.indeed.com/viewjob?jk=691ce090063af58d
Cell Engineer-Cell Qualification,Tesla,"Palo Alto, CA",https://www.indeed.com/viewjob?jk=2495c3736a8c59ab
Consulting Professors,Saylor Academy,Remote,https://www.indeed.com/viewjob?jk=edb0eb6a7ba31772
NGS Bioinformatics Intern,Precision Biosciences,"Durham, NC",https://www.indeed.com/viewjob?jk=ad23759ba2928fd3
Assistant Analyst (multiple),US Legislative Branch,"Washington, DC",https://www.indeed.com/viewjob?jk=a5c35af516a961b3
Systems Engineer,Green Plains,"Omaha, NE",https://www.indeed.com/viewjob?jk=a5a5b99e725d1b56
Start up looking for Ecommerce Sr. Python Dev/Full Stack,RTRP,"Salt Lake City, UT",https://www.indeed.com/viewjob?jk=21413a98e19303b7
"HEALTHCARE ANALYTICS SPECIALIST, SR - DAYS/REMOTE",MU Health Care,"Columbia, MO",https://www.indeed.com/viewjob?jk=c647ae53b7665633
Data Scientist,HTI Labs,"Omaha, NE",https://www.indeed.com/viewjob?jk=407bdfce2af66518
Algo Internship - Summer 2021,Hudson River Trading,"New York, NY",https://www.indeed.com/viewjob?jk=cd11e22d16c7c5d0
Full Time Opportunities for Students & Recent Graduates - MAIDAP Data Scientist,Microsoft,"Cambridge, MA",https://www.indeed.com/viewjob?jk=bd2d32a1e6455d95
Data Analyst,Uncommon Goods,"Brooklyn, NY",https://www.indeed.com/viewjob?jk=395ccfb2678536cf
Senior Python Developer,Extreme Engineering Solutions,"Verona, WI",https://www.indeed.com/viewjob?jk=5827510d4af5ade0
Software Engineering- Python,"JPMorgan Chase Bank, N.A.","Houston, TX",https://www.indeed.com/viewjob?jk=4d8d751cf6ce4647
Data Analyst,"Land O’Lakes, Inc.","Arden Hills, MN",https://www.indeed.com/viewjob?jk=1bf41a0dcc37c882
"Coordinator, Sport Performance",USA Baseball,"Cary, NC",https://www.indeed.com/viewjob?jk=76b655680e4ea611
Quantum Research Scientist – Thin Films,"Amazon Dev Center U.S., Inc.","Glendale, CA",https://www.indeed.com/viewjob?jk=5fe2345d5fcb1ebd
Technical SEO Manager (Remote),Swappa,"Kansas City, MO",https://www.indeed.com/viewjob?jk=fd09fc529d01e4ae
Associate - Climate Analytics,McKinsey & Company,"Waltham, MA",https://www.indeed.com/viewjob?jk=5ee1d0a44871a32e
Python Developer,Phrasee,Remote,https://www.indeed.com/viewjob?jk=085a511b377e3ecb
Application Support Specialist,Clover Health,Tennessee,https://www.indeed.com/viewjob?jk=0c62b7734b09cada
Cloud Services Intern,Bose,"Framingham, MA",https://www.indeed.com/viewjob?jk=2c0c72a9f9eddc51
LOGISTICS AND PROCUREMENT SPECIALIST,Chironix,Washington State,https://www.indeed.com/viewjob?jk=37c0c1f6c14d14e0
Robotics,Honda Research Institute USA,"San Jose, CA",https://www.indeed.com/viewjob?jk=66ac285217c6b13e
Lifecycle Operations Specialist,"Grammarly, Inc.","San Francisco, CA",https://www.indeed.com/viewjob?jk=287dc4a1176feef2
Junior Quant,Dexterity Capital,"Seattle, WA",https://www.indeed.com/viewjob?jk=e1a750ccc83bd177
Metasearch Associate Analyst,Sojern,"Omaha, NE",https://www.indeed.com/viewjob?jk=b36678c6ff9728a9
Business Analyst,Amazon.com Services LLC,United States,https://www.indeed.com/viewjob?jk=8b1df61b11d6c473
Air Quality Modeler,State of Utah,"Salt Lake County, UT",https://www.indeed.com/viewjob?jk=851eab21eaa594af
Implementation Specialist,Armored Things,"Boston, MA",https://www.indeed.com/viewjob?jk=199bd3278961d18b
Python Developer (Spark) - W2/ Fulltime,Spotline Inc,Remote,https://www.indeed.com/viewjob?jk=827881b3b0f34742
Manual Tester,HCL Americas,"Seattle, WA",https://www.indeed.com/viewjob?jk=8dfe6b52974150c7
Job opportunity for Python Developer Austin TX,TALENTECH DIGITAL LLC,"Austin, TX",https://www.indeed.com/viewjob?jk=b1761c219bbc25c0
AWS/Python Software Developer,AeroPay,"Chicago, IL",https://www.indeed.com/viewjob?jk=97f08aecf18a782f
Quantitative Operations Analyst,Global Sigma Group,"Boca Raton, FL",https://www.indeed.com/viewjob?jk=17914a71381c2544
"Intern, Resource Watch",World Resources Institute,"Washington, DC",https://www.indeed.com/viewjob?jk=4f4678c12fd0516a
Associate Analyst,Vectra,"Austin, TX",https://www.indeed.com/viewjob?jk=1c0a29b43efc5e16
Data Analyst,Sterling Computers,"North Sioux City, SD",https://www.indeed.com/viewjob?jk=4e75509ca37dbf25
CONGRESSIONAL COMMITTEE RESEARCH ASSISTANT,United States Senate,"Washington, DC",https://www.indeed.com/viewjob?jk=487c0220112c6fd2
Orbital Design Engineer,Momentum Aviation Group,"Fort Walton Beach, FL",https://www.indeed.com/viewjob?jk=e2ec028213211032
Training &placement in Python Development,precision technologies,"New York, NY",https://www.indeed.com/viewjob?jk=3b27e606a021f2fc
Statistical Geneticist Intern (Remote),23andMe,California,https://www.indeed.com/viewjob?jk=ed219c85f54bb537
Baseball Operations Intern,Oakland Athletics,"Oakland, CA",https://www.indeed.com/viewjob?jk=6a9766acf208e56f
Quantitative Analyst,Demand Side Analytics,"Atlanta, GA",https://www.indeed.com/viewjob?jk=a88cc39dff91e4c2
Entry Level Software Engineer,Toyota Connected North America,"Plano, TX",https://www.indeed.com/viewjob?jk=4a6f6d5f7c9af731
Python Developer,Hashout Technologies,"Centreville, VA",https://www.indeed.com/viewjob?jk=eb3b7514ed7cc3c1
"FULLY REMOTE Python Backend Developer ""Protected Veteran"" Big Plus",Sean E. Merryman Placements,Remote,https://www.indeed.com/viewjob?jk=776dd9943a1b5297
Software Engineer - Enterprise Team (Front-End),Indeed,Remote,https://www.indeed.com/viewjob?jk=b5d1b39a9976e525
UAS OPERATOR AND MAINTAINER,Darkblade Systems Corporation,"Fayetteville, NC",https://www.indeed.com/viewjob?jk=c64389cddbbf148e
Software Engineer - Python,Indeed,Remote,https://www.indeed.com/viewjob?jk=44be46eeeab77ba8
Sr Data Application Engineer - 3277,ProFocus,"Beaverton, OR",https://www.indeed.com/viewjob?jk=f0ed439bbb2f0f2c
Data Scientist,ForMotiv,Remote,https://www.indeed.com/viewjob?jk=3a073505d66e400f
Python Developer,Spire Digital,"Denver, CO",https://www.indeed.com/viewjob?jk=6f1c7fcc5a94a198
HL7 Developer with Python,CLS Bank International,"Jersey City, NJ",https://www.indeed.com/viewjob?jk=278e5449a5450a5d
Python Developer,Callsign Media,"Las Vegas, NV",https://www.indeed.com/viewjob?jk=345e22ca6e583be5
"C++, Python Engineer","JPMorgan Chase Bank, N.A.","New York, NY",https://www.indeed.com/viewjob?jk=e7eea1cdccfaaee9
Blockchain Researcher,Coinbase,Remote,https://www.indeed.com/viewjob?jk=13f3869d8b85c1b8
Biomedical R&D Studies Co-Op Intern,Apple,"Santa Clara Valley, CA",https://www.indeed.com/viewjob?jk=f313e9b432ee0fc7
Engineering Apprentice,LOCKHEED MARTIN CORPORATION,"Manassas, VA",https://www.indeed.com/viewjob?jk=8b343075ef45ecc8
Python Engineer,xcelebus,"Dallas, TX",https://www.indeed.com/viewjob?jk=f4933e66b66515ba
"Scientist, Computational Proteomics","Flagship Pioneering, Inc.","Cambridge, MA",https://www.indeed.com/viewjob?jk=ed88e591cedb6c27
Junior Quantitative Researcher,Akuna Capital,"Boston, MA",https://www.indeed.com/viewjob?jk=9d134f19e2330c91
OTC Derivatives Quant,OMNI Risks Management,"New York, NY",https://www.indeed.com/viewjob?jk=ed65c71bbe2d2e09
Data Scientist,AT&T,"New York, NY",https://www.indeed.com/viewjob?jk=fa8e2a7cf6af13ba
Windows System Administrator (Fully Remote),TCG,"Washington, DC",https://www.indeed.com/viewjob?jk=ef8f2f8109abba38
Online Scratch/Python Remote Instructor,Nature Preschool Center,Remote,https://www.indeed.com/viewjob?jk=f28e58a15ffd365a
Python Developer,Intone Networks,Remote,https://www.indeed.com/viewjob?jk=49ad9bcdba27219d
Python Backend Developer (Cloud/ML),Pensa Systems,"Denver, CO",https://www.indeed.com/viewjob?jk=e959c0f447271851
Workplace Programs Analyst,Tesla,"Sparks, NV",https://www.indeed.com/viewjob?jk=bf30d2c17409bc7d
Quantitative Researcher,Satoshitrade,"San Diego, CA",https://www.indeed.com/viewjob?jk=e03228975073d43f
Python Developer Data Analyst,Anderson Optimization,"Boulder, CO",https://www.indeed.com/viewjob?jk=58a24b811c402b2e
Respawn Analytics Intern (Summer 2021),Electronic Arts,"Los Angeles, CA",https://www.indeed.com/viewjob?jk=0d780dd7c3d2422c
Product Analyst,ClipboardHealth,United States,https://www.indeed.com/viewjob?jk=fb83884be50c1637
Computational Biologist/Bioinformatics Scientists,BlueSphere Bio,"Pittsburgh, PA",https://www.indeed.com/viewjob?jk=4da227c079fb2c9a
"Analyst, Airport Excellence Analytics",American Airlines,"Fort Worth, TX",https://www.indeed.com/viewjob?jk=736c8c00c89114af
Content Creator,LeetCode,Remote,https://www.indeed.com/viewjob?jk=e94af63cb41ad9b5
Applied Biomechanics Researcher,Apple,"Santa Clara Valley, CA",https://www.indeed.com/viewjob?jk=11a6171d3c5db55c
Model Risk Intern,FHLBank Topeka,"Topeka, KS",https://www.indeed.com/viewjob?jk=586e66dd19044711
Jr. Software Developer,TTS Solutions Inc,"Bentonville, AR",https://www.indeed.com/viewjob?jk=59007d5899cf3f8e
App Developer and data mining,Department 63 llc,Remote,https://www.indeed.com/viewjob?jk=07af1b249a35c008
2021 Bioinformatics Intern,Merck,"Boston, MA",https://www.indeed.com/viewjob?jk=ebe5dee6ce02f438
Statistician/Data Scientist,Intel,"Hillsboro, OR",https://www.indeed.com/viewjob?jk=28fa52802a412b68
